"","campaign","population_involved","success","max_participants","ID","year_max_involvement","first_year","last_year","location","pop_during_height","more_than_3.5_involved","violent","continent","duration","logMax_participants","logPop_during_height","logPop_involved"
"1","Singing Revolution",128.85,1,2e+06,202,1987,1987,1991,"Estonia",1552221,1,0,"Europe",5,20.9315685693242,20.5659025475358,7.00954872697226
"2","Aruba Pro-Independence Campaign",99.39,0,60000,254,1977,1977,1977,"Aruba",60366,1,1,"Americas",1,15.8726748802706,15.8814485873366,6.63502879902745
"3","Latvia pro-dem movement",74.99,1,2e+06,127,1989,1989,1991,"Latvia",2666955,1,0,"Europe",3,20.9315685693242,21.3467620515716,6.228626318332
"4","Uruguay Anti-Military",66.84,1,2000001,239,1984,1984,1985,"Uruguay",2992246,1,0,"Americas",2,20.9315692906715,21.5127973569798,6.06263982828646
"5","Czech Anti-Soviet Occupation",35.52,0,3500000,64,1967,1967,1968,"Czechoslovakia",9852899,1,1,"Europe",2,21.7389234913818,23.2321168378097,5.15055967657538
"6","Argentina pro-democracy movement",33.76,1,9e+06,33,1977,1977,1983,"Argentina",26661398,1,0,"Americas",7,23.1014935707665,24.6682490948555,5.07724299893246
"7","Zambia Anti-occupation",32.57,1,1e+06,249,1960,1960,1963,"Zambia",3070776,1,0,"Africa",4,19.9315685693242,21.5501718470318,5.02547181462118
"8","Anti-Noriega",32.35,0,750000,24,1987,1987,1989,"Panama",2318264,1,1,"Americas",3,19.5165310700453,21.1446134367054,5.01569380710515
"9","Cedar Revolution",31.92,1,1500000,53,2005,2005,2005,"Lebanon",4698763,1,0,"Asia",1,20.5165310700453,22.1638495710816,4.99638874644762
"10","Timorese Independence Campaign",31.79,1,2e+05,230,1975,1975,1999,"East Timor",629227,1,0,"Asia",25,17.6096404744368,19.2632210522635,4.99050111136325
"11","Solidarity",28.11,1,1e+07,206,1980,1980,1989,"Poland",35574150,1,0,"Europe",10,23.2534966642115,25.0843259499743,4.81301154860562
"12","Anjouan Separatist Movement",26.9,0,135021,367,1997,1997,2000,"Comoros",501953,1,1,"Africa",4,17.0428242834885,18.9371927592476,4.74953426766926
"13","Bolivian Anti-Junta",19.56,1,1e+06,43,1976,1976,1982,"Bolivia",5113456,1,0,"Americas",7,19.9315685693242,22.2858672555494,4.28983446517751
"14","Velvet Revolution",19.3,1,2000001,240,1989,1989,1989,"Czechoslovakia",10361068,1,0,"Europe",1,20.9315692906715,23.3046693852755,4.27052894238072
"15","South Africa Second Defiance Campaign",14.01,1,4e+06,211,1980,1980,1994,"South Africa",28556769,1,0,"Africa",15,21.9315685693242,24.767329421892,3.80838505065609
"16","Sajudis/ Lithuanian pro-democracy movement/",13.68,1,5e+05,190,1988,1988,1991,"Lithuania",3655049,1,0,"Europe",4,18.9315685693242,21.8014593165643,3.77399632511117
"17","Sacred Union",12.53,0,4500000,189,1991,1991,1995,"Democratic Republic of Congo",35908244,1,1,"Africa",5,22.1014935707665,25.0978117676615,3.64731450954714
"18","Zambia Anti-Single Party",12.44,1,1000001,248,1990,1990,1991,"Zambia",8036845,1,0,"Africa",2,19.9315700120185,22.9381978274247,3.63691458035588
"19","Anti-King Hamad Campaign",11.74,0,150000,255,2011,2011,2013,"Bahrain",1278151,1,1,"Asia",3,17.194602975158,20.2856268548129,3.55336050333533
"20","Anti-Jaafar",11.62,1,2e+06,18,1985,1985,1985,"Sudan",17210187,1,0,"Africa",1,20.9315685693242,24.0367594375052,3.5385381636298
"21","Carnation Revolution",11.58,1,1000001,52,1973,1973,1974,"Portugal",8633100,1,0,"Europe",2,19.9315700120185,23.0414472691174,3.53356334821451
"22","Albania Anti-Communist",9.29,1,3e+05,5,1989,1989,1991,"Albania",3227943,1,0,"Europe",3,18.194602975158,21.6221836726166,3.21567859660793
"23","Anti-Ali Abdullah Saleh",8.4,1,2000001,316,2011,2011,2012,"Yemen",23807588,1,0,"Asia",2,20.9315692906715,24.5049181295613,3.0703893278914
"24","Iranian Revolution",6.83,1,2e+06,104,1971,1971,1979,"Iran",29281591,1,0,"Asia",9,20.9315685693242,24.803490608047,2.77188557851537
"25","Anti-Pinochet Movement",6.3,1,750000,26,1983,1983,1989,"Chile",11907960,1,0,"Americas",7,19.5165310700453,23.5054229447548,2.65535182861255
"26","Frente Nacionalæde Resistencia Popular (FNRP)",6.13,0,5e+05,266,2009,2009,2011,"Honduras",8150775,1,1,"Americas",3,18.9315685693242,22.9585058109378,2.61588707391606
"27","Madagasar pro-democracy movement",5.96,1,1e+06,130,2002,2002,2002,"Madagascar",16765117,1,0,"Africa",1,19.9315685693242,23.9989592156242,2.57531233068744
"28","Nepalese Anti-government",5.37,1,1400000,149,2006,2006,2006,"Nepal",26066693,1,0,"Asia",1,20.4169953964944,24.6357042284763,2.42492208821069
"29","Anti-Gayoom",4.96,1,15000,17,2003,2003,2008,"Maldives",302683,1,0,"Asia",6,13.8726748802706,18.2074481238195,2.31034012061215
"30","Tongan Pro-Democracy Protests",4.96,0,5000,310,2005,2005,2006,"Tonga",100905,1,1,"Oceania",2,12.2877123795494,16.6226381384399,2.31034012061215
"31","Anti-Khan",4.54,0,2500000,21,1968,1968,1969,"Pakistan",55102684,1,1,"Asia",2,21.2534966642115,25.7156192570403,2.18269229751619
"32","Brunei Revolt",4.47,0,4000,383,1962,1962,1962,"Brunei",89481,1,1,"Asia",1,11.9657842846621,16.449293758957,2.16027483140859
"33","Lebanon Political Crisis",4.2,1,200001,321,2006,2006,2008,"Lebanon",4759753,1,0,"Asia",3,17.609647687894,22.1824552783782,2.0703893278914
"34","Royalists",4.02,0,220000,184,1962,1962,1969,"Yemen Arab Republic",5473671,1,1,"Asia",8,17.7471439981867,22.3840772921285,2.0071955014042
"35","People Power",3.89,1,2e+06,169,1983,1983,1986,"Philippines",51408912,1,0,"Asia",4,20.9315685693242,25.6155151439361,1.95977015521147
"36","Hizballah",3.84,0,1e+05,90,1982,1982,2000,"Lebanon",2606139,1,1,"Asia",19,16.6096404744368,21.313482602295,1.94110631094643
"37","Anti-Milosevic",3.61,1,275000,23,1996,1996,2000,"Serbia",7617794,1,0,"Europe",5,18.0690720930741,22.8609418444666,1.85199883711245
"38","Khmer Rouge",3.58,1,205001,117,1960,1960,1975,"Cambodia",5722370,1,0,"Asia",16,17.6452714216872,22.4481813525336,1.83995958748953
"39","Nigeria Anti-Military",3.41,1,3500000,152,1993,1993,1998,"Nigeria",102700753,0,0,"Africa",6,21.7389234913818,26.6138715186068,1.76977173924945
"40","Active Forces",3.35,1,4e+05,1,1991,1991,1993,"Madagascar",11942819,0,0,"Africa",3,18.6096404744368,23.5096400768023,1.74416109557041
"41","Cultural Revolution Red Guards",2.99,0,2.2e+07,63,1966,1966,1968,"China",735400000,0,0,"Asia",3,24.3910001879615,29.4539539356401,1.58014548442338
"42","Green Revolution and Day of Rage",2.74,0,2e+06,333,2009,2009,2013,"Iran",72924837,0,0,"Asia",5,20.9315685693242,26.1199069206582,1.4541758931858
"43","Anti-Eyadema",2.59,0,100001,285,1991,1991,1991,"Togo",3862992,0,0,"Africa",1,16.6096549013151,21.8812872591715,1.37295209791183
"44","Second People Power Movement",2.56,1,2e+06,194,2000,2000,2001,"Philippines",77991755,0,0,"Asia",2,20.9315685693242,26.2168182798616,1.35614381022528
"45","Anti-Mubarak Movement",2.56,1,2e+06,331,2007,2007,2011,"Egypt",78232126,0,0,"Africa",5,20.9315685693242,26.2212578357234,1.35614381022528
"46","Anti-Chaudry Campaign",2.47,1,20000,264,2000,2000,2000,"Fiji",811006,0,0,"Oceania",1,14.2877123795494,19.6293530622927,1.30451104180995
"47","Anti-Aziz Protests",2.43,0,80000,339,2008,2008,2013,"Mauritania",3296238,0,0,"Africa",6,16.2877123795495,21.6523889832723,1.28095631383106
"48","South Korea Anti-Military",2.4,1,1000001,213,1987,1987,1987,"South Korea",41621690,0,0,"Asia",1,19.9315700120185,25.3108322094174,1.26303440583379
"49","Islamic Salvation Front",2.39,0,6e+05,106,1989,1989,2013,"Algeria",25106190,0,0,"Africa",25,19.194602975158,24.5815397726633,1.25701061820602
"50","Djibouti Arab Spring",2.34,0,20000,260,2011,2011,2011,"Djibouti",853674,0,0,"Africa",1,14.2877123795494,19.7033257148045,1.22650852980868
"51","Serb militias",2.29,0,1e+05,196,1991,1991,1995,"Bosnia-Herzegovina",4369319,0,0,"Europe",5,16.6096404744368,22.0589770088022,1.19534759832222
"52","Anti-Morsi Protests",2.26,1,2000001,262,2013,2013,2013,"Egypt",88404640,0,0,"Africa",1,20.9315692906715,26.3976187570105,1.17632277264046
"53","Greece Anti-Military",2.24,1,200001,89,1973,1973,1974,"Greece",8929086,0,0,"Europe",2,17.609647687894,23.0900810749334,1.16349873228288
"54","Cutlery Revolution",2.21,1,7000,298,2008,2008,2009,"Iceland",317414,0,0,"Europe",2,12.7731392067197,18.2760062361485,1.14404636961671
"55","Taliban/ Anti-Government Forces",2.18,1,316000,218,1992,1992,1996,"Afghanistan",14485546,0,0,"Asia",5,18.2695650328392,23.7881107289819,1.1243281350022
"56","Anti-Shashkvilli Campaign",2.07,1,80000,332,2007,2007,2013,"Georgia",3860158,0,0,"Asia",7,16.2877123795495,21.8802284689293,1.0496307677246
"57","Orange Revolution",2.05,1,1e+06,159,2001,2001,2004,"Ukraine",48683865,0,0,"Europe",4,19.9315685693242,25.5369403720123,1.03562390973072
"58","Palestinian activists",2.03,0,35000,165,1970,1970,1970,"Jordan",1721323,0,0,"Asia",1,15.0950673016071,20.7150864085819,1.02147972741045
"59","Georgia-Abkhazia War",1.99,0,97000,329,1992,1992,1994,"Georgia",4873500,0,0,"Asia",3,16.5656971268492,22.2165268137127,0.992768430768924
"60","Belarus Anti-Communist",1.97,1,2e+05,38,1988,1988,1991,"Belarus",10140000,0,0,"Europe",4,17.6096404744368,23.2735543165528,0.978195629681652
"61","Anti-Ceaucescu Rebels",1.94,1,450000,11,1989,1989,1989,"Romania",23161458,0,0,"Europe",1,18.7795654758791,24.4652227371917,0.956056652412403
"62","Third Southern Ossetian Separatist Campaign",1.9,1,73000,434,2008,2008,2008,"Georgia",3848449,0,0,"Asia",1,16.1556088435421,21.8758456980278,0.925999418556223
"63","Anti-Ben Ali Campaign (Jasmine Revolution)",1.88,1,200001,311,2010,2010,2011,"Tunisia",10635244,0,0,"Africa",2,17.609647687894,23.3423497970449,0.910732661902913
"64","Mongolian Anti-communist",1.87,1,40000,138,1989,1989,1990,"Mongolia",2141011,0,0,"Asia",2,15.2877123795494,21.0298607772871,0.903038270112912
"65","PAIGC",1.81,1,11500,160,1963,1963,1974,"Guinea-Bissau",635011,0,0,"Africa",12,13.4893462407191,19.2764220576728,0.855989697308481
"66","Anti-Gnassingbe/Coup Crisis",1.78,0,1e+05,286,2005,2005,2005,"Togo",5611640,0,0,"Africa",1,16.6096404744368,22.419991028946,0.831877241191673
"67","Euromaiden",1.76,0,800001,314,2013,2013,2013,"Ukraine",45489600,0,0,"Europe",1,19.6096422778045,25.4390334129639,0.815575428862573
"68","NPFL & ULIMO",1.75,0,35000,143,1992,1992,1995,"Liberia",2001624,0,0,"Africa",4,15.0950673016071,20.9327395623385,0.807354922057604
"69","SWAPO",1.58,1,9999,188,1960,1960,1988,"Namibia",634142,0,0,"Africa",29,13.2875681028314,19.2744464059012,0.659924558402378
"70","Diretas ja",1.55,0,2000001,68,1983,1983,1984,"Brazil",129448819,0,0,"Americas",2,20.9315692906715,26.9478065622619,0.632268215499513
"71","Anti-National Governing Council (CNG)",1.54,0,100001,296,1986,1986,1987,"Haiti",6478541,0,0,"Americas",2,16.6096549013151,22.6272375168379,0.622930350920177
"72","Nasheed Supporters",1.51,0,6000,303,2012,2012,2013,"Maldives",397237,0,0,"Asia",2,12.5507467853832,18.5996404810656,0.594548549550354
"73","Let's Save Togo (Anti-Gnassingbe)",1.48,0,1e+05,309,2012,2012,2013,"Togo",6773807,0,0,"Africa",2,16.6096404744368,22.6915354513276,0.565597175854225
"74","Anti-Tsiranana Campaign",1.44,1,1e+05,271,1972,1972,1972,"Madagascar",6946620,0,0,"Africa",1,16.6096404744368,22.727879749265,0.526068811667588
"75","National Patriotic Forces",1.39,0,30000,147,1996,1996,1996,"Liberia",2160478,0,0,"Africa",1,14.8726748802706,21.0429191094615,0.475084882948783
"76","CPN-M/UPF",1.36,1,3e+05,50,1996,1996,2006,"Nepal",22090352,0,0,"Asia",11,18.194602975158,24.396913071796,0.443606651475615
"77","Public Against Violence",1.33,1,70000,179,1989,1989,1992,"Slovakia",5275942,0,0,"Europe",4,16.0950673016071,22.330997274025,0.411426245726465
"78","Argentina coup plot",1.28,1,4e+05,32,1987,1987,1987,"Argentina",31184415,0,0,"Americas",1,18.6096404744368,24.8943218593318,0.356143810225275
"79","Syrian Civil Conflict",1.19,0,250000,282,2011,2011,2013,"Syria",21082966,0,0,"Asia",3,17.9315685693242,24.329574507111,0.250961573533219
"80","Mali Anti-Military",1.18,1,1e+05,132,1990,1990,1992,"Mali",8449913,0,0,"Africa",3,16.6096404744368,23.0105050568593,0.238786859587116
"81","Anti-balaka",1.12,0,50000,361,2013,2013,2013,"Central African Republic",4447942,0,0,"Africa",1,15.6096404744368,22.0847065451424,0.16349873228288
"82","Pro-French Nationalists",1.07,0,5e+05,178,1960,1960,1962,"France",46621669,0,0,"Europe",3,18.9315685693242,25.4744973163601,0.0976107966264223
"83","The Stir",1.06,1,2e+05,224,1990,1990,1990,"Nepal",18905478,0,0,"Asia",1,17.6096404744368,24.1723009906333,0.0840642647884745
"84","Sierra Leone Civil War",1.03,0,45000,180,1991,1991,2002,"Sierra Leone",4348660,0,0,"Africa",12,15.4576373809918,22.0521394854177,0.0426443374084937
"85","al-Houthi Rebellion",1.02,0,200001,258,2004,2004,2013,"Yemen",19540098,0,0,"Asia",10,17.609647687894,24.2199343671248,0.0285691521967709
"86","Anti-Calderon",1.02,0,1100000,10,2006,2006,2006,"Mexico",107560153,0,0,"Americas",1,20.0690720930741,26.6805684715996,0.0285691521967709
"87","Kurdish rebellion",1,0,75000,122,1961,1961,1975,"Iraq",7475350,0,0,"Asia",15,16.194602975158,22.8337096979919,0
"88","Slovenian Independence",1,1,20000,205,1991,1991,1991,"Slovenia",1999429,0,0,"Europe",1,14.2877123795494,20.9311566210816,0
"89","Thai student protests",1,1,4e+05,223,1973,1973,1973,"Thailand",40159582,0,0,"Asia",1,18.6096404744368,25.2592409173233,0
"90","Guinean Pro-Democracy Movement",0.99,1,94001,327,2007,2007,2010,"Guinea",9518162,0,0,"Africa",4,16.5203884840777,23.1822515788349,-0.0144995696951151
"91","Tulip Revolution",0.97,1,50000,231,2005,2005,2005,"Kyrgyzstan",5162600,0,0,"Asia",1,15.6096404744368,22.2996663912523,-0.0439433475875971
"92","Iraqi insurgency",0.96,0,245000,105,2003,2003,2013,"Iraq",25644499,0,0,"Asia",11,17.9024222236647,24.6121460508016,-0.0588936890535686
"93","Hungary pro-dem movement",0.95,1,1e+05,95,1989,1989,1989,"Hungary",10481719,0,0,"Europe",1,16.6096404744368,23.3213720022133,-0.0740005814437769
"94","Anti-Roh Tae Woo",0.95,0,4e+05,336,1988,1988,1992,"South Korea",42031247,0,0,"Asia",5,18.6096404744368,25.3249589237951,-0.0740005814437769
"95","Anti-Fujimori",0.94,1,250000,16,2000,2000,2000,"Peru",26459944,0,0,"Americas",1,17.9315685693242,24.6573066725021,-0.0892673380970874
"96","UNITA",0.93,0,65000,237,1975,1975,2002,"Angola",7024000,0,0,"Africa",28,15.9881520976905,22.7438614141974,-0.104697378666693
"97","Bulgaria Anti-Communist",0.9,1,80000,47,1989,1989,1990,"Bulgaria",8876972,0,0,"Europe",2,16.2877123795495,23.0816362159942,-0.15200309344505
"98","Military Junta for the Consolidation of Democracy, Peace and Justice",0.87,1,10000,400,1998,1998,1999,"Guinea-Bissau",1154371,0,0,"Africa",2,13.2877123795494,20.1386755314717,-0.200912693925996
"99","Thai pro-dem movement",0.86,1,5e+05,222,1992,1992,1992,"Thailand",57811021,0,0,"Asia",1,18.9315685693242,25.7848412162174,-0.217591435072627
"100","Anti-Siles Zuazo",0.83,0,50000,289,1984,1984,1985,"Bolivia",6054123,0,0,"Americas",2,15.6096404744368,22.5294865556372,-0.2688167584278
"101","anti-coup Venezuelan campaign",0.8,1,2e+05,252,2002,2002,2002,"Venezuela",25100408,0,0,"Americas",1,17.6096404744368,24.5812074791761,-0.321928094887362
"102","LTTE",0.77,0,100001,125,1972,1972,2009,"Sri Lanka",13002231,0,0,"Asia",38,16.6096549013151,23.632255854887,-0.377069649079823
"103","Rose Revolution",0.76,1,30000,183,2003,2003,2003,"Georgia",3951736,0,0,"Asia",1,14.8726748802706,21.9140551386626,-0.395928676331139
"104","Basque Campaign for Self-Determination",0.75,0,250000,73,1968,1968,2013,"Spain",33113134,0,0,"Europe",46,17.9315685693242,24.9809002256045,-0.415037499278844
"105","Afar insurgency",0.74,0,4500,2,1991,1991,1994,"Djibouti",606844,0,0,"Africa",4,12.1357092861044,19.2109661682624,-0.434402824145775
"106","Maoist Anti-Government Protests",0.74,1,200001,274,2010,2010,2010,"Nepal",27013212,0,0,"Asia",1,17.609647687894,24.6871618575927,-0.434402824145775
"107","Second Khmer Rouge",0.74,0,50000,193,1979,1979,1997,"Cambodia",6770396,0,0,"Asia",19,15.6096404744368,22.6908087887268,-0.434402824145775
"108","Rebellion of the Forajidos",0.72,1,100001,261,2005,2005,2005,"Ecuador",13825847,0,0,"Americas",1,16.6096549013151,23.7208645298628,-0.473931188332412
"109","CCCN and Union Pro-Democracy Movement",0.71,1,20000,325,1990,1990,1993,"Central African Republic",2806734,0,0,"Africa",4,14.2877123795494,21.4204609124532,-0.494109070270043
"110","Third Hutu Rebellion",0.7,0,39000,225,1991,1991,2008,"Burundi",5564926,0,0,"Africa",18,15.2511865035243,22.4079310726789,-0.514573172829758
"111","Benin Anti-Communist",0.7,1,33500,41,1989,1989,1990,"Benin",4820016,0,0,"Africa",2,15.0318734751199,22.2006065048006,-0.514573172829758
"112","Armenian Opposition Protest/March 1st Movement",0.69,0,20001,318,2008,2008,2009,"Armenia",2907618,0,0,"Asia",2,14.2877845124982,21.4714063111724,-0.535331732996556
"113","Contras",0.69,1,22373,57,1980,1980,1990,"Nicaragua",3265519,0,0,"Americas",11,14.4494711001813,21.6388808717304,-0.535331732996556
"114","Students Union Protests",0.67,1,350000,287,1990,1990,1990,"Ukraine",51892000,0,0,"Europe",1,18.4169953964944,25.6290088049153,-0.577766999316952
"115","FSLN",0.65,1,20001,80,1978,1978,1979,"Nicaragua",3077866,0,0,"Americas",2,14.2877845124982,21.5534989922367,-0.62148837674627
"116","Serbian Republic of Krajina",0.64,0,30000,391,1991,1991,1995,"Croatia",4689022,0,0,"Europe",5,14.8726748802706,22.1608556172497,-0.643856189774725
"117","Anti-Bouterse",0.61,1,2200,307,1983,1983,1984,"Suriname",362276,0,0,"Americas",2,11.103287808412,18.4667297079734,-0.713118852211838
"118","Anti-Duvalier",0.59,1,37500,15,1985,1985,1986,"Haiti",6337273,0,0,"Americas",2,15.194602975158,22.595430735284,-0.761213140412883
"119","Pinochet-led rebels",0.58,1,60000,170,1973,1973,1973,"Chile",10265829,0,0,"Americas",1,15.8726748802706,23.2913467988083,-0.785875194647153
"120","Anti-Sanchez de Lozada Campaign",0.56,1,50001,257,2003,2003,2003,"Bolivia",8905823,0,0,"Americas",1,15.6096693280491,23.0863175083496,-0.83650126771712
"121","LURD",0.56,1,15000,126,1999,1999,2003,"Liberia",2699712,0,0,"Africa",5,13.8726748802706,21.3643740809213,-0.83650126771712
"122","Somalia clan factions (SNM)",0.55,1,36350,208,1982,1982,1991,"Somalia",6608044,0,0,"Africa",10,15.1496677436943,22.6557918623725,-0.862496476250065
"123","South Korea Anti-Junta",0.53,0,2e+05,212,1979,1979,1980,"South Korea",37534236,0,0,"Asia",2,17.6096404744368,25.16170378181,-0.915935735211525
"124","Anti-Bozize/Seleka",0.52,1,20000,360,2003,2003,2013,"Central African Republic",3881181,0,0,"Africa",11,14.2877123795494,21.8880642845175,-0.943416471633633
"125","FLOSY, NLF in Aden",0.51,1,27000,79,1960,1960,1967,"Yemen",5315355,0,0,"Asia",8,14.7206717868256,22.341734618491,-0.971430847803229
"126","Druze resistance",0.51,0,20000,71,1981,1981,1982,"Israel",3956000,0,0,"Asia",2,14.2877123795494,21.9156109954212,-0.971430847803229
"127","Popular Front for the Liberation of Oman and the Arab Gulf (PFLOAG)",0.49,0,3000,175,1964,1964,1976,"Oman",608889,0,0,"Asia",13,11.5507467853832,19.2158197243332,-1.02914634565952
"128","Frolinat",0.47,1,16000,85,1966,1966,1990,"Chad",3372189,0,0,"Africa",25,13.9657842846621,21.6852539661384,-1.08926733809709
"129","Southern Yemen Secessionist Movement",0.47,0,1e+05,256,2007,2007,2013,"Yemen",21282515,0,0,"Asia",7,16.6096404744368,24.343165311462,-1.08926733809709
"130","Afghan Resistance",0.47,1,62500,3,1979,1979,1988,"Afghanistan",13411056,0,0,"Asia",10,15.9315685693242,23.6769195051811,-1.08926733809709
"131","Chad rebels",0.46,0,31150,54,1994,1994,1998,"Chad",6781053,0,0,"Africa",5,14.9269445427987,22.6930778898717,-1.12029423371771
"132","Anti-PRI",0.44,1,344600,25,1986,1986,2000,"Mexico",77599098,0,0,"Americas",15,18.3945631759997,26.2095365470558,-1.18442457113743
"133","Zimbabwe African People's Union",0.43,0,26001,250,1974,1974,1979,"Zimbabwe",6085074,0,0,"Africa",6,14.6662794900069,22.5368433768456,-1.21759143507263
"134","People Power III",0.43,0,340000,279,2001,2001,2001,"Philippines",79672873,0,0,"Asia",1,18.3751752207998,26.2475852635826,-1.21759143507263
"135","Bangla Independence Campaign",0.42,1,250000,40,1971,1971,1971,"Pakistan",59734481,0,0,"Asia",1,17.9315685693242,25.8320606142515,-1.25153876699596
"136","Belarus Pro-Democracy Campaign",0.42,0,40000,39,2006,2006,2013,"Belarus",9604924,0,0,"Europe",8,15.2877123795494,23.1953427677796,-1.25153876699596
"137","Saffron Revolution",0.4,0,2e+05,273,2007,2007,2008,"Myanmar",49621475,0,0,"Asia",2,17.6096404744368,25.5644612842375,-1.32192809488736
"138","South Korea Student Revolution",0.4,1,1e+05,214,1960,1960,1960,"South Korea",25012374,0,0,"Asia",1,16.6096404744368,24.576138658775,-1.32192809488736
"139","Kurdish Secession against Saddam",0.39,0,60000,121,1985,1985,1993,"Iraq",15555800,0,0,"Asia",9,15.8726748802706,23.8909492555708,-1.35845397091248
"140","Tutsi rebels",0.34,1,25000,235,1990,1990,1994,"Rwanda",7288882,0,0,"Africa",5,14.6096404744368,22.7972661140892,-1.55639334852439
"141","NLA Insurgency",0.34,0,7000,435,2001,2001,2001,"Macedonia",2042842,0,0,"Europe",1,12.7731392067197,20.9621461950149,-1.55639334852439
"142","SPLA-Garang faction",0.34,0,55000,187,1983,1983,2005,"Sudan",16107620,0,0,"Africa",23,15.7471439981867,23.9412400069305,-1.55639334852439
"143","Muslim Brotherhood",0.34,0,30000,141,1980,1980,1982,"Syria",8930774,0,0,"Asia",3,14.8726748802706,23.0903537835925,-1.55639334852439
"144","Pro-Aristide Campaign",0.33,0,30000,338,2005,2005,2011,"Haiti",9195288,0,0,"Americas",7,14.8726748802706,23.1324633304394,-1.59946207041627
"145","Anti-Somoza Strikes",0.32,0,10000,276,1978,1978,1978,"Nicaragua",3077866,0,0,"Americas",1,13.2877123795494,21.5534989922367,-1.64385618977472
"146","Hutu Nationalist Insurgency",0.32,0,19000,403,1996,1996,2001,"Rwanda",6013107,0,0,"Africa",6,14.2137117981057,22.5196792000677,-1.64385618977472
"147","Ogoni movement",0.32,0,300001,158,1990,1990,1995,"Nigeria",95212450,0,0,"Africa",6,18.1946077841334,26.5046468971868,-1.64385618977472
"148","Anti-Banda",0.31,1,30000,8,1992,1992,1993,"Malawi",9685973,0,0,"Africa",2,14.8726748802706,23.2074655507047,-1.68965987938785
"149","Anti-Musharraf Campaign (Lawyer's Movement)",0.3,1,5e+05,304,2007,2007,2008,"Pakistan",167808105,0,0,"Asia",2,18.9315685693242,27.3222371575996,-1.73696559416621
"150","Popular Democratic Army (UTO)",0.29,0,16000,174,1992,1992,1997,"Tajikistan",5502494,0,0,"Asia",6,13.9657842846621,22.3916542363061,-1.78587519464715
"151","Anti-Khmer Rouge",0.29,1,20000,22,1978,1978,1979,"Cambodia",6957265,0,0,"Asia",2,14.2877123795494,22.7300888428688,-1.78587519464715
"152","Taliban Resistance",0.28,0,60001,217,2001,2001,2013,"Afghanistan",21606988,0,0,"Asia",13,15.8726989249876,24.3649946396796,-1.83650126771712
"153","Anti-Coalition Government Campaign",0.28,1,2000,426,1987,1987,1987,"Fiji",721783,0,0,"Oceania",1,10.9657842846621,19.4612056385856,-1.83650126771712
"154","Dance With Me Campaign",0.28,0,20000,290,2013,2013,2013,"Bulgaria",7265115,0,0,"Europe",1,14.2877123795494,22.7925542038811,-1.83650126771712
"155","Kurdish civil conflict",0.26,0,55000,110,1996,1996,1996,"Iraq",20783073,0,0,"Asia",1,15.7471439981867,24.3089056521438,-1.94341647163363
"156","Anti-Erdogan",0.26,0,200001,313,2013,2013,2013,"Turkey",75928564,0,0,"Asia",1,17.609647687894,26.1781393876497,-1.94341647163363
"157","Anti-Suharto",0.25,1,5e+05,29,1996,1996,1998,"Indonesia",199901228,0,0,"Asia",3,18.9315685693242,27.5747120937331,-2
"158","Salvadoran Civil Conflict",0.24,1,10500,191,1977,1977,1992,"El Salvador",4338458,0,0,"Americas",16,13.3581017074408,22.0487509320279,-2.05889368905357
"159","South Sudanese Civil War",0.24,0,25000,322,2013,2013,2013,"South Sudan",10355036,0,0,"Africa",1,14.6096404744368,23.3038292334079,-2.05889368905357
"160","Niger Anti-Military",0.24,1,20000,151,1991,1991,1992,"Niger",8288735,0,0,"Africa",2,14.2877123795494,22.9827205083814,-2.05889368905357
"161","Dniestr",0.24,0,8834,69,1992,1992,1992,"Moldova",3706000,0,0,"Europe",1,13.1088511170402,21.8214314506894,-2.05889368905357
"162","Patriotic Front",0.24,1,14000,168,1994,1994,1994,"Rwanda",5936261,0,0,"Africa",1,13.7731392067197,22.5011230937505,-2.05889368905357
"163","Anti-Aristide",0.23,1,20001,297,2002,2002,2004,"Haiti",8754150,0,0,"Americas",3,14.2877845124982,23.0615356737035,-2.12029423371771
"164","Kyrgyzstan Democratic Movement",0.23,1,10000,123,1990,1990,1991,"Kyrgyzstan",4391200,0,0,"Asia",2,13.2877123795494,22.0661838137493,-2.12029423371771
"165","Myanmar Regime Change Campaign",0.22,0,51000,406,1962,1962,1988,"Myanmar/Burma",22697667,0,0,"Asia",27,15.6382096266336,24.4360406806483,-2.18442457113743
"166","Red Shirt Campaign",0.22,0,150000,324,2009,2009,2011,"Thailand",66866839,0,0,"Asia",3,17.194602975158,25.9947875825351,-2.18442457113743
"167","Pro-Ouattara Campaign",0.22,1,45000,293,2010,2010,2011,"Cote d'Ivoire",20532950,0,0,"Africa",2,15.4576373809918,24.291437580729,-2.18442457113743
"168","Democracy Movement",0.21,0,2e+06,66,1976,1976,1979,"China",930685000,0,0,"Asia",4,20.9315685693242,29.7937177143849,-2.25153876699596
"169","Anti-Zia al-Haq",0.21,0,200001,278,1986,1986,1986,"Pakistan",95215378,0,0,"Asia",1,17.609647687894,26.5046912626676,-2.25153876699596
"170","Armenians in Nagorno-Karabakh",0.21,0,15000,35,1991,1991,1994,"Azerbaijan",7271000,0,0,"Asia",4,13.8726748802706,22.7937223648071,-2.25153876699596
"171","Tigrean Self-Determination Campaign",0.21,1,70000,229,1978,1978,1991,"Ethiopia",33993301,0,0,"Africa",14,16.0950673016071,25.0187471292124,-2.25153876699596
"172","Russia pro-dem movement",0.2,1,3e+05,185,1990,1990,1991,"Russia",148292000,0,0,"Europe",2,18.194602975158,27.1438655290314,-2.32192809488736
"173","Renamo",0.2,0,22500,181,1979,1979,1992,"Mozambique",11341402,0,0,"Africa",14,14.4576373809918,23.4350956584091,-2.32192809488736
"174","Front for the Liberation of Mozambique",0.2,1,15000,86,1963,1963,1974,"Mozambique",7679458,0,0,"Africa",12,13.8726748802706,22.8725730614808,-2.32192809488736
"175","Anti-Ravalomanana Movement",0.19,1,40000,272,2009,2009,2009,"Madagascar",20569117,0,0,"Africa",1,15.2877123795494,24.2939765267635,-2.39592867633114
"176","Democratic Republic of Yemen Secessionist Movement",0.19,0,27500,412,1994,1994,1994,"Yemen",14297613,0,0,"Asia",1,14.7471439981867,23.7692709720185,-2.39592867633114
"177","Eritrean-led rebels",0.19,1,60000,76,1974,1974,1991,"Ethiopia",31861352,0,0,"Africa",18,15.8726748802706,24.9253041514863,-2.39592867633114
"178","Swaziland Anti-Monarchy Protests",0.19,0,2001,281,2011,2011,2011,"Swaziland",1072032,0,0,"Africa",1,10.9665054519057,20.0319165400007,-2.39592867633114
"179","Anti-Islamist Government Protests",0.18,0,20000,312,2013,2013,2013,"Tunisia",10952951,0,0,"Africa",1,14.2877123795494,23.3848162846763,-2.47393118833241
"180","Second JVP Insurrection",0.18,0,30000,393,1987,1987,1990,"Sri Lanka",16643952,0,0,"Asia",4,14.8726748802706,23.9884946970807,-2.47393118833241
"181","Tiananmen",0.18,0,2e+06,226,1989,1989,1989,"China",1118650000,0,0,"Asia",1,20.9315685693242,30.0591115746181,-2.47393118833241
"182","Second Congo War (MLC, RCD)",0.18,0,80154,410,1998,1998,2002,"Democratic Republic of Congo",44849967,0,0,"Africa",5,16.2904868978852,25.4186035878409,-2.47393118833241
"183","Anti-Doe rebels",0.17,1,3500,14,1989,1989,1990,"Liberia",2106431,0,0,"Africa",2,11.7731392067197,21.0063692278836,-2.55639334852439
"184","NCCOP Pro-Democracy Movement",0.16,0,20001,259,1991,1991,1991,"Cameroon",12137912,0,0,"Africa",1,14.2877845124982,23.533016930424,-2.64385618977472
"185","Anti-Indira Campaign",0.16,1,1000001,267,1974,1974,1977,"India",608802600,0,0,"Asia",4,19.9315700120185,29.1813992792398,-2.64385618977472
"186","Leftist rebels (URNG)",0.16,0,7000,133,1961,1961,1996,"Guatemala",4336143,0,0,"Americas",36,12.7731392067197,22.047980904888,-2.64385618977472
"187","JVP",0.16,0,20000,108,1971,1971,1971,"Sri Lanka",12747821,0,0,"Asia",1,14.2877123795494,23.6037473308132,-2.64385618977472
"188","National Resistance Army",0.16,1,20000,145,1981,1981,1986,"Uganda",12825082,0,0,"Africa",6,14.2877123795494,23.6124647142634,-2.64385618977472
"189","Anti-Thaksin",0.15,1,1e+05,30,2005,2005,2006,"Thailand",65416189,0,0,"Asia",2,16.6096404744368,25.963144377913,-2.73696559416621
"190","Anya Nya",0.15,0,12000,31,1962,1962,1972,"Sudan",8004121,0,0,"Africa",11,13.5507467853832,22.9323115462605,-2.73696559416621
"191","South Kordofan and Blue Nile ",0.15,0,52000,402,2011,2011,2013,"Sudan",35349681,0,0,"Africa",3,15.6662240028032,25.0751938602421,-2.73696559416621
"192","PMIC/New Forces",0.15,0,25000,162,2002,2002,2005,"Ivory Coast",17231539,0,0,"Africa",4,14.6096404744368,24.0385482229139,-2.73696559416621
"193","Anti-Bhutto",0.14,1,1e+05,277,1977,1977,1977,"Pakistan",70958169,0,0,"Asia",1,16.6096404744368,26.0804654471214,-2.83650126771712
"194","First Hutu Rebellion",0.14,0,5000,81,1972,1972,1973,"Burundi",3569666,0,0,"Africa",2,12.2877123795494,21.7673576624341,-2.83650126771712
"195","Moro National Liberation Front",0.14,0,50000,139,1970,1970,2013,"Philippines",35803594,0,0,"Asia",44,15.6096404744368,25.0936010781181,-2.83650126771712
"196","Indo-Fijian Anti-Coup Campaign",0.14,0,1000,263,1987,1987,1987,"Fiji",721783,0,0,"Oceania",1,9.96578428466209,19.4612056385856,-2.83650126771712
"197","Somali Civil War",0.14,0,10000,357,1991,1991,2000,"Somalia",7274030,0,0,"Africa",10,13.2877123795494,22.7943234451812,-2.83650126771712
"198","Somalia militia insurgencies",0.14,1,10000,209,1993,1993,1994,"Somalia",7315865,0,0,"Africa",2,13.2877123795494,22.8025970225372,-2.83650126771712
"199","Tupamaros",0.13,0,3500,234,1963,1963,1972,"Uruguay",2635126,0,0,"Americas",10,11.7731392067197,21.3294405160934,-2.94341647163363
"200","Protest for Constitutional Reform",0.13,0,10000,320,2011,2011,2013,"Jordan",7663131,0,0,"Asia",3,13.2877123795494,22.8695025378783,-2.94341647163363
"201","Dominican leftists",0.13,0,5000,70,1965,1965,1965,"Dominican Republic",3877765,0,0,"Americas",1,12.2877123795494,21.8867939453301,-2.94341647163363
"202","Popular Movement for the Liberation of Angola",0.13,1,7000,176,1961,1961,1974,"Angola",5531472,0,0,"Africa",14,12.7731392067197,22.3992320216665,-2.94341647163363
"203","Revolutionary Armed Forces of Colombia and National Liberation Army",0.13,0,23000,182,1964,1964,2013,"Colombia",18175185,0,0,"Americas",50,14.4893462407191,24.1154667132106,-2.94341647163363
"204","Republic of Western Bosnia",0.12,0,5000,369,1993,1993,1995,"Bosnia-Herzegovina",4078937,0,0,"Europe",3,12.2877123795494,21.9597617939124,-3.05889368905357
"205","Yemen leftists",0.12,0,12000,245,1986,1986,1986,"Yemen People's Republic",9941109,0,0,"Asia",1,13.5507467853832,23.2449753727772,-3.05889368905357
"206","Poland Worker uprising",0.12,1,40000,173,1976,1976,1976,"Poland",34356300,0,0,"Europe",1,15.2877123795494,25.0340713380838,-3.05889368905357
"207","Anti-Sassou-Nguessou Campaign (Cocoyes, Ninjas, Ntsiloulous)",0.1,0,3000,397,1997,1997,2003,"Congo",2867280,0,0,"Africa",7,11.5507467853832,21.4512513650386,-3.32192809488736
"208","Bangladesh Anti-Ershad",0.1,1,1e+05,37,1987,1987,1990,"Bangladesh",95671163,0,0,"Asia",4,16.6096404744368,26.5115808003522,-3.32192809488736
"209","Biafrans",0.1,0,50500,42,1967,1967,1970,"Nigeria",52342233,0,0,"Africa",4,15.6239957674139,25.6414721374952,-3.32192809488736
"210","Kyrgyz Second Revolution",0.09,1,5000,269,2010,2010,2010,"Kyrgyzstan",5447900,0,0,"Asia",1,12.2877123795494,22.3772687912446,-3.47393118833241
"211","Somali rebels (Ogaden)",0.09,0,30000,207,1976,1976,1983,"Ethiopia",33128149,0,0,"Africa",8,14.8726748802706,24.9815542608353,-3.47393118833241
"212","Katanga-led leftists",0.09,0,13500,116,1960,1960,1965,"Democratic Republic of Congo",15248251,0,0,"Africa",6,13.7206717868256,23.8621404368324,-3.47393118833241
"213","Third Balochistan Separatist Movement",0.09,0,55000,36,1973,1973,1977,"Pakistan",63099406,0,0,"Asia",5,15.7471439981867,25.9111230883593,-3.47393118833241
"214","Ivorian Pro-Democracy",0.09,1,10000,292,1989,1989,1990,"Cote d'Ivoire",11502449,0,0,"Africa",2,13.2877123795494,23.4554377239902,-3.47393118833241
"215","Islamic State",0.09,0,17000,356,2013,2013,2013,"Syria",19584274,0,0,"Asia",1,14.0532471259124,24.2231923119787,-3.47393118833241
"216","Former Rebel Leaders",0.08,0,9000,82,1962,1962,1963,"Algeria",11619828,0,0,"Africa",2,13.1357092861044,23.4700853779296,-3.64385618977472
"217","Afghans",0.07,1,10000,4,1978,1978,1978,"Afghanistan",13341198,0,0,"Asia",1,13.2877123795494,23.6693848862855,-3.83650126771712
"218","Awami League Protests",0.07,1,100001,288,2004,2004,2007,"Bangladesh",136986432,0,0,"Asia",4,16.6096549013151,27.0294577657469,-3.83650126771712
"219","Anti-Putin/ ""Snow Revolution""",0.07,0,1e+05,335,2010,2010,2013,"Russia",142849449,0,0,"Europe",4,16.6096404744368,27.0899202306094,-3.83650126771712
"220","Anti-Ceaucescu Movement",0.07,0,16000,253,1987,1987,1987,"Romania",22949430,0,0,"Europe",1,13.9657842846621,24.4519549857641,-3.83650126771712
"221","Bougainville Revolt",0.07,0,3000,45,1988,1988,1998,"Papua New Guinea",4399324,0,0,"Oceania",11,11.5507467853832,22.0688504256257,-3.83650126771712
"222","Watusi",0.07,0,2001,241,1961,1961,1964,"Rwanda",2998325,0,0,"Africa",4,10.9665054519057,21.5157253403604,-3.83650126771712
"223","New People's Army",0.07,0,25200,150,1972,1972,2013,"Philippines",37923396,0,0,"Asia",42,14.6211361132746,25.1765848260475,-3.83650126771712
"224","LRA",0.07,0,10000,124,1986,1986,2013,"Uganda",15070302,0,0,"Africa",28,13.2877123795494,23.8452049921982,-3.83650126771712
"225","Somali Islamist Insurgency",0.07,0,7000,344,2006,2006,2013,"Somalia",10763905,0,0,"Africa",8,12.7731392067197,23.3596982274306,-3.83650126771712
"226","PF-ZAPU guerillas",0.06,0,5000,161,1982,1982,1987,"Zimbabwe",7958241,0,0,"Africa",6,12.2877123795494,22.9240181582578,-4.05889368905357
"227","JEM/SLA",0.06,0,18000,107,2003,2003,2012,"Sudan",29460519,0,0,"Africa",10,14.1357092861044,24.8122795104757,-4.05889368905357
"228","Mohajir",0.06,0,70000,136,1994,1994,1995,"Pakistan",120362762,0,0,"Asia",2,16.0950673016071,26.8428138772137,-4.05889368905357
"229","Cameroon anti-Ahidjo government movement",0.06,0,3000,413,1960,1960,1964,"Cameroon",5176918,0,0,"Africa",5,11.5507467853832,22.3036620360781,-4.05889368905357
"230","Shiite rebellion",0.06,0,10001,200,1991,1991,1991,"Iraq",17889459,0,0,"Asia",1,13.2878566418405,24.0926064233275,-4.05889368905357
"231","Anti-Deby Rebellion (Chad)",0.05,0,5500,433,2005,2005,2010,"Chad",10096633,0,0,"Africa",6,12.4252159032994,23.2673709310445,-4.32192809488736
"232","Thai communist rebels",0.05,0,17000,221,1966,1966,1981,"Thailand",32789130,0,0,"Asia",16,14.0532471259124,24.9667142871582,-4.32192809488736
"233","First Southern Ossetian Separatist Campaign",0.05,0,2500,392,1991,1991,1992,"Georgia",4835900,0,0,"Asia",2,11.2877123795494,22.2053529811991,-4.32192809488736
"234","West Papuan self-determination campaign",0.05,0,50000,242,1964,1964,2013,"Indonesia",97596733,0,0,"Asia",50,15.6096404744368,26.54032951934,-4.32192809488736
"235","Iranian Mujahideen",0.05,0,20000,103,1981,1981,1982,"Iran",40199906,0,0,"Asia",2,14.2877123795494,25.2606887921458,-4.32192809488736
"236","SCIRI",0.05,0,8000,388,1989,1989,1996,"Iraq",16994948,0,0,"Asia",8,12.9657842846621,24.0186026118365,-4.32192809488736
"237","Kabila-ADFL",0.05,1,20000,112,1996,1996,1997,"Democratic Republic of Congo",42757243,0,0,"Africa",2,14.2877123795494,25.3496654948551,-4.32192809488736
"238","Sendero Luminoso (The Shining Path) Senderista Insurgency",0.05,0,8000,195,1980,1980,2012,"Peru",17547610,0,0,"Americas",33,12.9657842846621,24.0647712117812,-4.32192809488736
"239","Anti-Al-Bashir Government",0.05,0,16000,323,2011,2011,2013,"Sudan",35349681,0,0,"Africa",3,13.9657842846621,25.0751938602421,-4.32192809488736
"240","Casamance Conflict",0.04,0,2500,386,1982,1982,2013,"Senegal",5909739,0,0,"Africa",32,11.2877123795494,22.4946629853919,-4.64385618977472
"241","2006 Lebanon War",0.04,0,2000,394,2006,2006,2006,"Lebanon",4759753,0,0,"Asia",1,10.9657842846621,22.1824552783782,-4.64385618977472
"242","Second Balochistan Separatist Movement",0.04,0,19800,373,1962,1962,1969,"Pakistan",47198878,0,0,"Asia",8,14.2732128098543,25.4922492288182,-4.64385618977472
"243","NDF",0.04,0,3000,389,1979,1979,1982,"Yemen (North Yemen)",7669694,0,0,"Asia",4,11.5507467853832,22.8707375885792,-4.64385618977472
"244","Second Hutu Rebellion",0.04,0,2001,192,1988,1988,1988,"Burundi",5168698,0,0,"Africa",1,10.9665054519057,22.3013694793601,-4.64385618977472
"245","Poland Anti-Communist II",0.04,0,12000,172,1970,1970,1970,"Poland",32664300,0,0,"Europe",1,13.5507467853832,24.9612113871482,-4.64385618977472
"246","Kyrgyz Anti-Interim Goverment ",0.04,0,2000,300,2010,2010,2010,"Kyrgyzstan",5447900,0,0,"Asia",1,10.9657842846621,22.3772687912446,-4.64385618977472
"247","Tauregs",0.04,0,3001,220,1989,1989,1995,"Mali",8296915,0,0,"Africa",7,11.5512276035983,22.9841435754775,-4.64385618977472
"248","Poland Anti-Communist I",0.03,0,10001,171,1968,1968,1968,"Poland",32294655,0,0,"Europe",1,13.2878566418405,24.9447920723788,-5.05889368905357
"249","People's Alliance for Democracy Campaign",0.03,1,20001,284,2008,2008,2008,"Thailand",66530984,0,0,"Asia",1,14.2877845124982,25.9875230356953,-5.05889368905357
"250","Civil Movement for Democracy",0.03,0,20001,308,2013,2013,2013,"Thailand",68144501,0,0,"Asia",1,14.2877845124982,26.0220939059798,-5.05889368905357
"251","Anti-Chiluba",0.03,1,3000,12,2001,2001,2001,"Zambia",10692193,0,0,"Africa",1,11.5507467853832,23.350054448584,-5.05889368905357
"252","Anti-Abdelaziz Bouteflika Campaign",0.03,0,10000,317,2010,2010,2012,"Algeria",35977455,0,0,"Africa",3,13.2877123795494,25.1005897999744,-5.05889368905357
"253","KDPI",0.03,0,10000,111,1979,1979,1996,"Iran",37237137,0,0,"Asia",18,13.2877123795494,25.1502388188837,-5.05889368905357
"254","Anti-Mutharika",0.03,1,4000,302,2011,2011,2012,"Malawi",14962112,0,0,"Africa",2,11.9657842846621,23.8348104996554,-5.05889368905357
"255","Al Qaeda in the Arabian Peninsula",0.03,0,6001,341,2009,2009,2013,"Yemen",22516460,0,0,"Asia",5,12.5509872145215,24.4244766913681,-5.05889368905357
"256","Anti-Arap Moi",0.03,1,6000,7,1990,1990,1991,"Kenya",23724579,0,0,"Africa",2,12.5507467853832,24.4998791506149,-5.05889368905357
"257","CAR multiple factions",0.02,0,800,49,1996,1996,1997,"Central African Republic",3308233,0,0,"Africa",2,9.64385618977473,21.6576294169249,-5.64385618977472
"258","Kurdish rebellion (Turkey)",0.02,0,10000,251,1978,1978,2013,"Turkey",42039992,0,0,"Asia",36,13.2877123795494,25.325259058974,-5.64385618977472
"259","
Peoples’ Alliance for Freedom and Democracy",0.02,0,12000,382,1992,1992,2012,"Ethiopia",51423585,0,0,"Africa",21,13.5507467853832,25.6159268555078,-5.64385618977472
"260","Anti-Military Government Campaign",0.02,1,15000,283,2007,2007,2007,"Thailand",66182067,0,0,"Asia",1,13.8726748802706,25.9799370148538,-5.64385618977472
"261","Pro-Morsi Protests",0.02,0,20001,295,2013,2013,2013,"Egypt",88404640,0,0,"Africa",1,14.2877845124982,26.3976187570105,-5.64385618977472
"262","RFDG",0.02,0,1800,348,2000,2000,2001,"Guinea",8240730,0,0,"Africa",2,10.813781191217,22.9743407126467,-5.64385618977472
"263","Shanti Bahini",0.02,0,15000,198,1976,1976,1997,"Bangladesh",71652381,0,0,"Asia",22,13.8726748802706,26.0945113100781,-5.64385618977472
"264","GAM",0.02,0,27000,87,1976,1976,2005,"Indonesia",133966941,0,0,"Asia",30,14.7206717868256,26.9973017900834,-5.64385618977472
"265","ERP/ Monteneros",0.02,0,5000,72,1973,1973,1977,"Argentina",25056478,0,0,"Americas",5,12.2877123795494,24.578680304369,-5.64385618977472
"266","MDJT",0.02,0,1500,363,1998,1998,2003,"Chad",7770048,0,0,"Africa",6,10.5507467853832,22.8894920803314,-5.64385618977472
"267","ADF Insurgency",0.02,0,4000,427,1996,1996,2013,"Uganda",21032821,0,0,"Africa",18,11.9657842846621,24.3261390268712,-5.64385618977472
"268","Pakistan Pro-Democracy Movement",0.02,0,15000,163,1983,1983,1983,"Pakistan",86285935,0,0,"Asia",1,13.8726748802706,26.3626220769244,-5.64385618977472
"269","MFDC Secessionist Campaign (Casamance)",0.02,0,999,305,1982,1982,1983,"Senegal",5909739,0,0,"Africa",2,9.96434086779242,22.4946629853919,-5.64385618977472
"270","Chechen separatists",0.02,0,25000,55,1994,1994,2007,"Russia",148336000,0,0,"Europe",14,14.6096404744368,27.1442935303143,-5.64385618977472
"271","Kifaya",0.01,0,10000,118,2003,2003,2005,"Egypt",72826097,0,0,"Africa",3,13.2877123795494,26.1179521924624,-6.64385618977472
"272","Nigerian Muslim fundamentalists",0.01,0,10000,154,1980,1980,1984,"Nigeria",73423633,0,0,"Africa",5,13.2877123795494,26.129741164939,-6.64385618977472
"273","Pakistani Islamist Insurgency",0.01,0,20000,342,2007,2007,2013,"Pakistan",167808105,0,0,"Asia",7,14.2877123795494,27.3222371575996,-6.64385618977472
"274","UPA",0.01,0,1500,398,1987,1987,1992,"Uganda",15612754,0,0,"Africa",6,10.5507467853832,23.8962217070814,-6.64385618977472
"275","Anti-Habibie Student Protests ",0.01,1,19756,268,1999,1999,1999,"Indonesia",208615169,0,0,"Asia",1,14.2700032533784,27.6362688232146,-6.64385618977472
"276","Cabinda Conflict ",0.01,0,1100,390,1991,1991,2013,"Angola",12248901,0,0,"Africa",23,10.103287808412,23.5461489772781,-6.64385618977472
"277","al-Gama'a al-Islamiyya",0.01,0,5000,384,1992,1992,1999,"Egypt",58666814,0,0,"Africa",8,12.2877123795494,25.8060413103676,-6.64385618977472
"278","Military Forces of Hugo Chavez",0.01,0,1400,387,1992,1992,1992,"Venezuela",20557683,0,0,"Americas",1,10.4512111118323,24.2931743357094,-6.64385618977472
"279","Russian Parliamentary Forces",0.01,0,10000,399,1993,1993,1993,"Russia",148520000,0,0,"Europe",1,13.2877123795494,27.1460819794042,-6.64385618977472
"280","Patani insurgency",0.01,0,4237,354,2004,2004,2013,"Thailand",64995299,0,0,"Asia",10,12.0488274133639,25.9538320384349,-6.64385618977472
"281","FLNC",0.01,0,1500,78,1977,1977,1978,"Democratic Republic of Congo",24249130,0,0,"Africa",2,10.5507467853832,24.5314296520391,-6.64385618977472
"282","Naga Insurgency (Myanmar)",0,0,2000,349,1988,1988,2013,"Myanmar",40085651,0,0,"Asia",26,10.9657842846621,25.2565825683284,0
"283","Kivu Rebels (M23, APCLS, PARC-FAAL)",0,0,3000,294,2011,2011,2013,"Democratic Republic of Congo",66755153,0,0,"Africa",3,11.5507467853832,25.9923758706088,0
"284","PJAK",0,0,3000,385,2005,2005,2013,"Iran",69762347,0,0,"Asia",9,11.5507467853832,26.0559452414293,0
"285","Fourth Balochistan Separatist Movement",0,0,5000,375,2004,2004,2013,"Pakistan",156664697,0,0,"Asia",10,12.2877123795494,27.2231048770008,0
"286","Sikh insurgency",0,0,20000,201,1984,1984,1994,"India",766833410,0,0,"Asia",11,14.2877123795494,29.5143379539444,0
"287","Naxalite insurgency",0,0,15000,347,1980,1980,2013,"India",698952844,0,0,"Asia",34,13.8726748802706,29.3806198841957,0
"288","Mizo Revolt",0,0,10000,135,1966,1966,1986,"India",509631500,0,0,"Asia",21,13.2877123795494,28.9248792115151,0
"289","Caucasus Emirate",0,0,2001,343,2007,2007,2013,"Russia",142805088,0,0,"Europe",7,10.9665054519057,27.0894721411382,0
"290","Kashmiri Muslim separatists",0,0,10000,115,1990,1990,2013,"India",873277798,0,0,"Asia",24,13.2877123795494,29.701865421023,0
"291","Sinai Insurgency",0,0,1000,319,2013,2013,2013,"Egypt",88404640,0,0,"Africa",1,9.96578428466209,26.3976187570105,0
"292","Tupac Amaru Revolutionary Movement (MRTA) - Senderista Insurgency",0,0,250,233,1996,1996,1997,"Peru",24753824,0,0,"Americas",2,7.96578428466209,24.5611480758558,0
"293","IRA",0,0,500,97,1968,1968,1998,"UK",55211700,0,0,"Europe",31,8.96578428466209,25.7184706874354,0
"294","Manipur Insurgency",0,0,4200,379,1979,1979,2013,"India",682995354,0,0,"Asia",35,12.0361736125535,29.3473005238749,0
"295","Naxalite rebellion",0,0,3001,148,1967,1967,1971,"India",520400576,0,0,"Asia",5,11.5512276035983,28.9550473179876,0
"296","Assam Independence Campaign",0,0,4000,351,1985,1985,2013,"India",784360008,0,0,"Asia",29,11.9657842846621,29.5469407381132,0
"297","Bodoland Independence Campaign",0,0,3501,352,1987,1987,2013,"India",819682102,0,0,"Asia",27,11.7735513464285,29.6104892556686,0
"298","Tripuri nationalists",0,0,2500,374,1989,1989,2013,"India",855334678,0,0,"Asia",25,11.2877123795494,29.671913791747,0
"299","Boko Haram",0,0,51,334,2009,2009,2013,"Nigeria",154324933,0,0,"Africa",5,5.6724253419715,27.2013959241155,0
